{"class": {"size": 1220, "time": 0.09693116999999998}, "class_sc": {"size": 427, "time": 0.170520368}, "func_decorator": {"size": 806, "time": 0.06605704899999999}, "func_decorator_sc": {"size": 115, "time": 0.069674013}, "func_pi": {"size": 586, "time": 0.050007524}, "func_pi_sc": {"size": 365, "time": 0.09052516600000002}, "lambda": {"size": 473, "time": 0.04825723600000001}, "lambda_sc": {"size": 37, "time": 0.054358455}, "recursive": {"size": 532, "time": 0.049928240999999984}, "recursive_sc": {"size": 116, "time": 0.07022400100000004}, "simple_func": {"size": 500, "time": 0.05150310899999999}, "simple_func_sc": {"size": 64, "time": 0.059578086}}