{
  "pythonNormal": [3782.872905999966, 3873.9851329999055, 3885.7870479998837, 3869.8225120001553, 3892.776086999902, 3870.5547619999834, 3887.293942999804, 3864.6030140000676, 3876.645271000143, 3893.3282379998673, 3897.465782999916, 3870.571573999996, 3892.356469999868, 3881.6659540000273, 3891.3767779999944, 3885.4180899998028, 3895.623427999908, 3889.746289999948, 3892.0303899999453, 3869.1651880001245, 3892.275525000059, 3881.7939699999897, 3893.7455699999646, 3877.870199000199, 3892.8399209999043, 3880.8627000000797, 3882.599938999874, 3867.8675369999382, 3889.0800089998265, 3862.9803730000276, 3886.473560000013, 3901.5230380000503, 3881.914707000078, 3881.3566639998953, 3894.018914000071, 3871.25667600003, 3891.2923750001482, 3875.4474590000427, 3910.3874699999324, 3890.684756999917, 3882.128620000003, 3878.9969810000002, 3892.5336330000846, 3877.8327750001154, 3890.6772029999956, 3875.9796750000532, 3900.350720000006, 3886.8311209998865, 3882.350636999945, 3895.6453059997784, 3893.2996480000384, 3880.730197000048, 3895.1874870001575, 3884.3933140001354, 3879.656807999936, 3871.444211000153, 3891.9004880001467, 3873.5740970000734, 3886.392906000083, 3877.737009999919, 3892.699685000025, 3892.9380650001804, 3884.957346000192, 3885.47934799999, 3889.7873800001435, 3875.56849900011, 3882.9584550001073, 3877.556562000109, 3884.763226999894, 3873.009995000075, 3881.691142000136, 3885.3259919999346, 3878.6073569999644, 3864.4145690000187, 3890.5064180000863, 3885.92754299998, 3901.8634100000327, 3871.1076029999276, 3875.91825100003, 3908.4006260000024, 3886.86033099998, 3871.9839759999104, 3890.5637860000297, 3881.394128000011, 3888.123754000162, 3889.3294269998933, 3886.761277000005, 3883.468536999999, 3885.362449000013, 3888.92273700003, 3888.826923000124, 3884.902671999953, 3891.1139530000582, 3882.320547000063, 3889.8215249998884, 3888.008305000085, 3885.221958999864, 3873.294203000114, 3879.850185999885, 3873.5478539999804],
  "pythonMultiProc_pool":[1948.1229719999646, 1949.2076109997925, 1960.4851139999937, 1964.5262970000203, 1967.3488169999018, 1968.0060040000171, 1959.7199919999184, 1958.370436999985, 1962.9128310000397, 1960.948584000107, 1953.2015380000303, 1949.6277289999853, 1952.1216919999915, 1957.0844110000962, 1957.6467800000046, 1963.0595509997875, 1978.2259270000395, 1952.4895300000935, 1958.2170380001571, 1952.619797999887, 1946.2971259999904, 1944.1935550000835, 1949.1245730000628, 1940.5617699999311, 1933.7863809998908, 1936.1640240001634, 1943.8900970001214, 1935.2867439999955, 1941.1362490000101, 1945.6646869998622, 1942.1537180000996, 1960.565792999887, 1947.634244000028, 1939.983649999931, 1942.5166169999102, 1935.6482769999275, 1944.209027999932, 1943.3897609999349, 1940.5628269998942, 1943.3300519999648, 1958.2504539998808, 1959.4556839999768, 1954.0268599998853, 1961.7799539998941, 1958.4127789999002, 1959.6123609999268, 1979.4502429999739, 1973.089254999877, 1959.5401480000874, 1958.2166740001412, 1962.1230559998821, 1972.577255000033, 1954.441719999977, 1968.07716599983, 1969.8486250001679, 1968.2416749999447, 1969.1165859999273, 1986.5554030000112, 1982.3737960000472, 1976.8869519998589, 1965.8473590000085, 1960.682291000012, 1973.60305899997, 1972.121738999931, 1956.2626500000988, 1968.4470069998952, 1960.8983630000694, 1955.599549999988, 1951.5224909998778, 1953.6939770000572, 1960.3449930000352, 1962.183714000048, 1962.0120870001756, 1953.7168930000917, 1969.6894969999903, 1963.7982290000764, 1967.4735389999114, 1971.244451000075, 1974.437613999953, 1985.0626209999973, 1981.9657719999668, 1983.871315000215, 2004.4048879999536, 1996.0905959999309, 1999.6776709999722, 1994.4800959999611, 1993.8462790000813, 1995.181164999849, 1993.6110210001061, 1976.535351999928, 1977.3926770001253, 1967.4171770000157, 1973.5461580000901, 1983.9790680000533, 1969.1164409998692, 1957.5860370000555, 1968.219513999884, 1964.9828430001435, 1953.7311280000722, 1955.5608000000575],
  "pythonMultiProc_grpc":[1953.4859259999848, 1959.9491790002048, 1967.6229560000138, 1958.2319070000267, 1952.2398330000215, 1954.5461109998996, 1957.1388530000604, 1953.2387699998708, 1952.119244999949, 1953.5311100000854, 1960.2484100000765, 1955.7901990001483, 1967.047341999887, 1953.4948539999277, 1953.0001780001385, 1955.3961619999427, 1956.064897999795, 1959.3896730000324, 1957.0101780000186, 1955.4527949999283, 1960.0602460000118, 1960.1537889998326, 1962.1817970000848, 1952.3746699999265, 1952.6432259999638, 1954.483529000072, 1953.0723610000678, 1959.385753999868, 1953.9340839999113, 1960.9050310000384, 1959.8452780001026, 1956.2803569999687, 1960.5303280000044, 1961.2344359998133, 1952.4067329998616, 1956.2059340000815, 1961.3885469998422, 1951.9168889999037, 1951.8770559998302, 1956.6572559999713, 1964.0801749999355, 1950.7738370000425, 1959.853417999966, 1958.1384139999045, 1950.3295060001165, 1952.599810000038, 1970.506930000056, 1956.980003000126, 1948.466753000048, 1963.6460059998626, 1962.0977090000906, 1957.8784229997837, 1957.8720619999785, 1952.4553359997299, 1960.3706309999325, 1950.9365819999402, 1959.9223410000377, 1957.4739780000527, 1952.2055360002923, 1955.735302999983, 1951.9843359998958, 1951.7071170002964, 1969.7114150003472, 1955.2409620000617, 1953.4971180000866, 1950.9793629999876, 1962.1879139999692, 1950.9043269999893, 1953.6223370000698, 1958.1649289998495, 1955.8822459998737, 1952.67855100019, 1950.41027499974, 1957.2212899997794, 1956.4184079999904, 1947.80470600017, 1962.2167930001524, 1960.12572599966, 1952.8878189998977, 1957.7063259998795, 1956.2793120003334, 1967.1355059999769, 1957.6926909999202, 1958.9270209999086, 1953.0614130003414, 1954.2358999997305, 1959.7233709996544, 1951.7051129996617, 1954.7463769999922, 1961.234124999919, 1961.220210999727, 1951.6240640000433, 1953.766068999812, 1963.4507819996543, 1953.7483229996724, 1954.3877749997591, 1960.9294249999039, 1952.1065499998258, 1957.7485299996624, 1953.8568380003198],
  "pythonSingleProc":[4022.090826999829, 4043.740243999764, 4023.9214289999836, 4014.0637600002265, 4035.3880850002497, 4037.5989969998045, 4031.767388999924, 4031.580492000103, 4035.4707869996673, 4038.706137999725, 4024.624126999697, 4065.432233000138, 4023.994066999876, 4042.308571000376, 4031.0941350003304, 4033.790078000038, 4039.445328999591, 4030.5031119996784, 4039.012570000068, 4027.274713999759, 4041.2960980002026, 4019.113383000331, 4045.9155840003405, 4029.3238320000455, 4054.4001369999023, 4053.41523900006, 4022.241749999921, 4028.6813749999055, 4024.6146919998864, 4015.8701730001667, 4024.4373710002037, 4026.316783999846, 4021.640864999881, 4028.0025530000785, 4048.785656000291, 4019.479543000216, 4007.4137780002275, 4024.5752750001884, 4018.090826000389, 4025.7558190000964, 4030.1352709998355, 4086.271262000082, 4021.6745329998957, 4031.228338999881, 4031.8158320001203, 4022.3719710002115, 4023.999043999993, 4078.0980810000074, 4071.7014930000914, 4081.503243000043, 4071.4133629999196, 4071.753071999865, 4090.90530200001, 4063.6069120000684, 4077.307572999871, 4076.0658250001143, 4079.6408879996306, 4071.5658550002445, 4063.8839319999533, 4118.192034999993, 4050.8352080000805, 4053.9971160001187, 4063.2736540001133, 4073.705626999981, 4072.7880879999248, 4064.787098999659, 4079.3612940001367, 4067.4120170001515, 4081.7080720003105, 4087.8853750000417, 4065.081591999842, 4057.2890680000455, 4077.490162000231, 4082.647559000179, 4087.687629999891, 4066.8430710002212, 4091.814561999854, 4063.421500000004, 4082.059543000014, 4069.8389119997955, 4067.9282690002765, 4074.739271999988, 4058.440002000225, 4097.709983999721, 4084.460777000004, 4083.211874999961, 4098.537523999767, 4085.692052000013, 4093.7640100000863, 4089.095627000006, 4073.5619769998266, 4083.340393999606, 4096.251783000298, 4106.610775999798, 4075.382510000054, 4079.8685800000385, 4092.7975510003307, 4072.0196150000447, 4078.8693059998877, 4069.5220120001068],