{
  "first": [1.2352429985185154, 0.6282690010266379, 0.5858810000063386, 0.5706109986931551, 0.5876459981664084, 0.6163059988466557, 0.6175640010042116, 0.5823520004923921, 0.5850859997735824, 0.6163889993331395, 0.6172329995024484, 0.6542839983012527, 0.6666899971605744, 0.5649659979098942, 0.5920129988226108, 0.6036119993950706, 0.5828329994983505, 0.5674400017596781, 0.5635849993268494, 0.5829410001751967, 0.6111130023782607, 0.6131879999884404, 0.5989539968140889, 0.6175620001158677, 0.6038989995431621, 0.6256449996726587, 0.6205979989317711, 0.5762430009781383, 0.5754069970862474, 0.5474859972309787, 0.601423998887185, 0.6067719987186138, 0.559860000066692, 0.5954400003247429, 0.6495579982583877, 0.6142999991425313, 0.6964240019442514, 0.6311910001386423, 0.6054369987396058, 0.5904919999011327, 0.5985470015730243, 0.624723998043919, 0.6237130000954494, 0.6283349976001773, 0.5975130006845575, 0.5892650005989708, 0.5778459999419283, 0.5893089983146638, 0.6297799991443753, 0.5796660007035825, 0.5938939975749236, 0.6076719982957002, 0.597721002122853, 0.5883679987164214, 0.6068059992685448, 0.6146250016172417, 0.6615029997192323, 0.5786699985037558, 0.6169420012156479, 0.6093090014474001, 0.6066280002414715, 0.6173969995870721, 0.5960429989499971, 0.6528630001412239, 0.6635839999944437, 0.5621130003419239, 0.6037210005160887, 0.5678839988831896, 0.5957969988230616, 0.579535000724718, 0.6185560014273506, 0.5974619998596609, 0.6018070016580168, 0.6221719995664898, 0.6391249989974312, 0.615491000644397, 0.5877020012121648, 0.6146209998405538, 0.5957280009170063, 0.6362120002449956, 0.6185809979797341, 0.63245899946196, 0.6069369992474094, 0.6982579980103765, 0.571640000998741, 0.6454400026996154, 0.5717599997296929, 0.6059539991838392, 0.6104770000092685, 0.6295359999057837, 0.5789589995401911, 0.5772229997091927, 0.5982309994578827, 0.5951599996478762, 0.6132099988462869, 0.573206998524256, 0.5789900023955852, 0.5659009984810837, 0.6090030001359992, 0.5837019998580217],
  "second": [1.0377269973105285, 1.0187719999521505, 0.957285999902524, 0.9767509982339107, 1.0030769990407862, 0.9808950017031748, 0.9327750012744218, 0.9639099989726674, 1.0842419978871476, 0.9687780002423096, 0.9625040001992602, 0.9675619985500816, 1.0013549981522374, 0.9596849995432422, 0.927012999454746, 0.9976369983633049, 0.9342080011265352, 0.91694300135714, 0.9497350001765881, 0.9458899985475, 0.9503979999863077, 0.9659329989517573, 0.9769370008143596, 0.995107002381701, 0.9873409981082659, 0.9362210003018845, 0.96834400028456, 0.9620549972169101, 0.9305649982707109, 0.9364799989270978, 0.9909580003295559, 0.8916549995774403, 0.922056999115739, 0.9304300001531374, 0.9578339995641727, 0.8794850000413135, 0.9713740000734106, 0.9427600016351789, 0.9696009983599652, 1.0327570016670506, 0.9721690003061667, 0.9709920013847295, 0.9686359990155324, 0.9934400004567578, 0.9848590016190428, 0.9524910019536037, 0.9403470030520111, 0.9549770002195146, 0.9527090005576611, 0.9570040019752923, 0.9458019994781353, 0.9501610002189409, 0.96208900140482, 0.9324120001110714, 0.9098190021177288, 0.9854510026343632, 0.8724120016267989, 0.9338449999631848, 0.9537170008115936, 0.9167270000034478, 0.9560979997331742, 0.9637459988880437, 1.1986749996140134, 0.9598129981895909, 0.9896370029309765, 0.8892810001270846, 0.9685109980637208, 0.9299980010837317, 0.9746420000737999, 0.9297399992647115, 1.009637002425734, 0.9541809995425865, 0.9546340006636456, 0.9283260005759075, 0.9938039984263014, 0.9237429985660128, 0.9915800001181196, 0.9245440014638007, 0.996334998490056, 0.9895620023598894, 0.942146001762012, 0.9341629993286915, 0.9451120022276882, 1.0449559995322488, 0.9425489988643676, 0.9568890018272214, 0.9472320016357116, 0.961903999268543, 0.9813309989112895, 1.0193369998887647, 0.8844430012686644, 0.9239250030077528, 0.9447980010008905, 0.9438280030735768, 0.9271509989048354, 0.9738840017234907, 0.932814997213427, 0.9823899999901187, 0.9227909977198578, 0.9564569991198368],
  "third": [0.39021311000396963, 0.3044884300106787, 0.31335445997683564, 0.3208301500126254, 0.314399160015455, 0.3225897200172767, 0.35363073999178596, 0.3260044900162029, 0.37610128998494474, 0.38677586999256164, 0.383378510014154, 0.3812587999709649, 0.3555815599975176, 0.3669520699986606, 0.36649342997407075, 0.3369436400316772, 0.3084067099916865, 0.3049365400147508, 0.31353215999843087, 0.31138946000282886, 0.3487952100113034, 0.3671638200103189, 0.38084686999354744, 0.3802988800089224, 0.3773323600034928, 0.37419411000882974, 0.3657927000313066, 0.3063070099960896, 0.3065406999667175, 0.3617564200249035, 0.3556589400250232, 0.30976491998444544, 0.3019460400173557, 0.3259963099844754, 0.37281433997122804, 0.36697167000966147, 0.37497762001294177, 0.37177099999098573, 0.36661591999290977, 0.36698373001854634, 0.379608309995092, 0.3771132600013516, 0.38112485002784524, 0.36983133999456186, 0.31967212999006733, 0.3094038199924398, 0.31366612998681376, 0.3147152699966682, 0.3148066799985827, 0.30516793001879705, 0.3193623699917225, 0.31989430000976427, 0.31844709999859333, 0.365648599981796, 0.36900949002301786, 0.38308933999360306, 0.3132252399882418, 0.34795986000972334, 0.3780500499851769, 0.37158797997108195, 0.3830844500043895, 0.3666168400013703, 0.38617660000454634, 0.3798362800080213, 0.3284669399727136, 0.30845784000121057, 0.30749007000849815, 0.3096638399802032, 0.30902065002010204, 0.3165929500028142, 0.368473830021685, 0.3737449599793763, 0.37755039000330726, 0.37612103998981183, 0.3697581199958222, 0.38505892000102904, 0.36847538998699747, 0.3674383999896236, 0.37840835997485556, 0.3691067500039935, 0.3688426900043851, 0.37044398002763046, 0.37961581998388283, 0.326385289990867, 0.3100476100007654, 0.3260496200164198, 0.3780632699999842, 0.3763452299972414, 0.3722056900005555, 0.37800079000589903, 0.3106756399938604, 0.30846685000142315, 0.3132210300100269, 0.30648251999082277, 0.310147380005219, 0.3137047400014126, 0.30972331998782465, 0.30584554002416553, 0.3074670499700005, 0.31277051002689404]
}
